post_id,post_text,date
1,"Just published my latest article on AI in healthcare! Excited to hear your thoughts. #AI #Healthcare",2025-07-01
2,"Data storytelling is key. Always visualize your insights clearly. #DataScience #Visualization",2025-07-02
3,"Had a fantastic discussion on MLOps best practices today. Key takeaway: automate testing! #MLOps #MachineLearning",2025-07-03
4,"Exploring RAG (Retrieval-Augmented Generation) techniques for enterprise knowledge management. #RAG #AI",2025-07-04
5,"Remember: metrics are only valuable if they guide action. Focus on impact, not vanity. #Analytics #Business",2025-07-05
6,"Thrilled to announce our team's latest project in NLP! More updates soon. #NLP #Innovation",2025-07-06
7,"Networking is not about collecting contacts, it's about building relationships. #CareerGrowth #LinkedInTips",2025-07-07
8,"Python tips: list comprehensions can simplify your code and improve readability. #Python #Tips",2025-07-08
9,"Deep learning models are powerful, but understanding your data is still crucial. #MachineLearning #Data",2025-07-09
10,"Agile methodology works best when the whole team is aligned on goals and priorities. #Agile #ProjectManagement",2025-07-10
11,"Had a great mentoring session today! Always love helping others grow their data skills. #Mentorship #DataScience",2025-07-11
12,"Data privacy is not optional. Make sure to follow best practices in handling sensitive information. #Privacy #DataEthics",2025-07-12
13,"Visualization hack: color your charts to highlight the key message, not distract from it. #DataViz #Tips",2025-07-13
14,"Generative AI is changing the way we create content. Always stay updated with latest trends. #GenAI #Innovation",2025-07-14
15,"Remember to test your models on real-world scenarios, not just training data. #ML #BestPractices",2025-07-15
16,"Collaboration tools like Notion and Slack improve workflow if used correctly. #Productivity #Tools",2025-07-16
17,"Data pipelines are the backbone of analytics. Always ensure reliability and monitoring. #DataEngineering #Analytics",2025-07-17
18,"Storytelling in presentations is more impactful than just numbers. #PresentationSkills #DataStorytelling",2025-07-18
19,"Today I experimented with embedding-based search for our internal knowledge base. Exciting results! #RAG #Search",2025-07-19
20,"Continuous learning is key in tech. Take small steps every day to improve skills. #CareerGrowth #Learning",2025-07-20
21,"The quality of data dictates the quality of insights. Focus on data cleaning before modeling. #DataQuality #Analytics",2025-07-21
22,"Sharing knowledge is as important as creating it. Blog, write posts, speak at meetups. #KnowledgeSharing #Community",2025-07-22
23,"Experimentation culture is vital. Fail fast, learn faster. #Innovation #TechCulture",2025-07-23
24,"A/B testing is powerful, but always define success metrics before starting. #Experimentation #Analytics",2025-07-24
25,"Excited to join the AI workshop next week! Always looking to learn and network. #AI #Workshop",2025-07-25
